<?xml version="1.0" encoding="UTF-8"?>
<!DOCTYPE suite SYSTEM "https://testng.org/testng-1.0.dtd">
<suite name="Loan Department" parallel="tests" thread-count="2">
	<listeners>
		<listener class-name="test.MyListener"/>
	</listeners>
	<parameter name="URL" value="qaclickacademy.com"/>
	
  <test name="Personal Loan">
    <classes>
      <class name="test.day1">
		<methods>
			<include name="test"/>
		</methods>
		</class>
      <class name="test.day2"/>
      <class name="test.day4"/>
    </classes>
  </test> <!-- Test -->
  
  <test name ="Car Loan">
	<parameter name="URL" value="carloan.com"/>
	<parameter name="APIkey/usrname" value="123456"/>
	<classes>
	<class name ="test.day3"/>



  </classes>
  </test>
</suite> <!-- Suite -->
