<?xml version="1.0" encoding="UTF-8"?>
<!DOCTYPE suite SYSTEM "https://testng.org/testng-1.0.dtd">
<suite parallel ="tests" name="Suite">
<listeners>
	<listener class-name = "Selenium.TestComponents.Listeners"/>
</listeners>
	
  <test thread-count="5" name="Submit Order test">
    <classes>
      <class name="Selenium.Tests.SubmitOrderTest"/>
    </classes>
  </test> <!-- Test -->
  
  <test thread-count="5" name="Error Validation Test">
    <classes>
      <class name="Selenium.Tests.ErrorValidations"/>
    </classes>
  </test> <!-- Test -->
  
</suite> <!-- Suite -->
